,Predictions
0,Douglas_fir
1,Douglas_fir
2,Douglas_fir
3,Douglas_fir
4,Douglas_fir
5,Douglas_fir
6,Douglas_fir
7,Douglas_fir
8,Douglas_fir
9,Douglas_fir
10,Douglas_fir
11,Douglas_fir
12,Douglas_fir
13,Douglas_fir
14,Douglas_fir
15,Douglas_fir
16,Douglas_fir
17,Douglas_fir
18,Douglas_fir
19,Douglas_fir
20,Douglas_fir
21,Douglas_fir
22,Douglas_fir
23,Douglas_fir
24,Douglas_fir
25,Douglas_fir
26,Douglas_fir
27,Douglas_fir
28,Douglas_fir
29,Douglas_fir
30,Douglas_fir
31,Douglas_fir
32,Douglas_fir
33,Douglas_fir
34,Douglas_fir
35,Douglas_fir
36,Douglas_fir
37,Douglas_fir
38,Douglas_fir
39,Douglas_fir
40,Douglas_fir
41,Douglas_fir
42,Douglas_fir
43,Douglas_fir
44,Douglas_fir
45,Douglas_fir
46,Douglas_fir
47,Douglas_fir
48,Douglas_fir
49,Douglas_fir
50,Douglas_fir
51,Douglas_fir
52,Douglas_fir
53,Douglas_fir
54,Douglas_fir
55,Douglas_fir
56,Douglas_fir
57,Douglas_fir
58,Douglas_fir
59,Douglas_fir
60,Douglas_fir
61,Douglas_fir
62,Douglas_fir
63,Douglas_fir
64,Douglas_fir
65,Douglas_fir
66,Douglas_fir
67,Douglas_fir
68,Douglas_fir
69,Douglas_fir
70,Douglas_fir
71,Douglas_fir
72,Douglas_fir
73,Douglas_fir
74,Douglas_fir
75,Douglas_fir
76,Douglas_fir
77,Douglas_fir
78,Douglas_fir
79,Douglas_fir
80,Douglas_fir
81,Douglas_fir
82,Douglas_fir
83,Douglas_fir
84,Douglas_fir
85,Douglas_fir
86,Douglas_fir
87,Douglas_fir
88,Douglas_fir
89,Douglas_fir
90,Douglas_fir
91,Douglas_fir
92,Douglas_fir
93,Douglas_fir
94,Douglas_fir
95,Douglas_fir
96,Douglas_fir
97,Douglas_fir
98,Douglas_fir
99,Douglas_fir
100,Douglas_fir
101,Douglas_fir
102,Douglas_fir
103,Douglas_fir
104,Douglas_fir
105,Douglas_fir
106,Douglas_fir
107,Douglas_fir
108,Douglas_fir
109,Douglas_fir
110,Douglas_fir
111,Douglas_fir
112,Douglas_fir
113,Douglas_fir
114,Douglas_fir
115,Douglas_fir
116,Douglas_fir
117,Douglas_fir
118,Douglas_fir
119,Douglas_fir
120,Douglas_fir
121,Douglas_fir
122,Douglas_fir
123,Douglas_fir
124,Douglas_fir
125,Douglas_fir
126,Douglas_fir
127,Douglas_fir
128,Douglas_fir
129,Douglas_fir
130,Douglas_fir
131,Douglas_fir
132,Douglas_fir
133,Douglas_fir
134,Douglas_fir
135,Douglas_fir
136,Douglas_fir
137,Douglas_fir
138,Douglas_fir
139,Douglas_fir
140,Douglas_fir
141,Douglas_fir
